movie_id,VietNam_name,English_name,Status,Link
Quá Nhanh Quá Nguy Hiểm 10,2023,HD Vietsub,https://phimmoiyy.net/phim-le/qua-nhanh-qua-nguy-hiem-10-1
Transformers 7: Quái Thú Trỗi Dậy,2023,Coming Soon,https://phimmoiyy.net/phim-le/transformers-quai-thu-troi-day
Nàng Tiên Cá,2023,CAM Vietsub,https://phimmoiyy.net/phim-le/nang-tien-ca-the-little-mermaid-1
John Wick: Phần 4,2023,HD Vietsub,https://phimmoiyy.net/phim-le/john-wick-phan-4-1
Người Kiến Và Chiến Binh Ong: Thế Giới Lượng Tử,2023,HD Vietsub,https://phimmoiyy.net/phim-le/phim-nguoi-kien-va-chien-binh-ong-the-gioi-luong-tu-1
Avatar: Dòng Chảy Của Nước,2022,HD Vietsub,https://phimmoiyy.net/phim-le/phim-avatar-dong-chay-cua-nuoc
Vệ Binh Dải Ngân Hà 3,2023,HD Vietsub,https://phimmoiyy.net/phim-le/ve-binh-dai-ngan-ha-3-1
Khắc Tinh Của Quỷ,2023,HD Vietsub,https://phimmoiyy.net/phim-le/khac-tinh-cua-quy-2
Shazam! Cơn Thịnh Nộ Của Các Vị Thần,2023,HD Vietsub,https://phimmoiyy.net/phim-le/shazam-con-thinh-no-cua-cac-vi-than
Chiến Binh Báo Đen: Wakanda Bất Diệt,2022,HD Vietsub,https://phimmoiyy.net/phim-le/chien-binh-bao-den-wakanda-bat-diet
Kho Báu Congo, Congo 1995 ,HD Vietsub,https://phimmoiyy.net/phim-le/kho-bau-congo
Quái Thú, Pet Sematary 1989 ,HD Vietsub,https://phimmoiyy.net/phim-le/quai-thu
Trung Đội, Platoon 1986 ,HD Vietsub,https://phimmoiyy.net/phim-le/trung-doi
Thác Loạn, Sandwich 2023 ,HD Vietsub,https://phimmoiyy.net/phim-le/thac-loan
Trò Chơi Tình Dục, Sex Games 2023 ,HD Vietsub,https://phimmoiyy.net/phim-le/tro-choi-tinh-duc
Long Mã Tinh Thần, Ride On 2023 ,HD Vietsub,https://phimmoiyy.net/phim-le/long-ma-tinh-than
Lỗi Của Tôi, My Fault 2023 ,HD Vietsub,https://phimmoiyy.net/phim-le/loi-cua-toi
Thế Thân, The Other Child 2022 ,HD Vietsub,https://phimmoiyy.net/phim-le/the-than
Transformers 7: Quái Thú Trỗi Dậy, Transformers: Rise of the Beasts 2023 ,Coming Soon,https://phimmoiyy.net/phim-le/transformers-quai-thu-troi-day
Người Nhện: Du Hành Vũ Trụ Nhện, Spider-Man: Across the Spider-Verse 2023 ,Full HD,https://phimmoiyy.net/phim-le/nguoi-nhen-du-hanh-vu-tru-nhen
Quái Vật Đen, The Black Demon 2023 ,HD Vietsub,https://phimmoiyy.net/phim-le/quai-vat-den
Vây Hãm: Không Lối Thoát, The Roundup: No Way Out 2023 ,Coming Soon,https://phimmoiyy.net/phim-le/vay-ham-khong-loi-thoat
Bùa Hình Nhân, Hoon Payon 2023 ,Coming Soon,https://phimmoiyy.net/phim-le/bua-hinh-nhan
Cá Mập Siêu Bạo Chúa 2: Vực Sâu, Meg 2: The Trench 2023 ,Coming Soon,https://phimmoiyy.net/phim-le/ca-map-sieu-bao-chua-2-vuc-sau
Avatar: Dòng Chảy Của Nước, Avatar: The Way of Water 2022 ,HD Vietsub,https://phimmoiyy.net/phim-le/phim-avatar-dong-chay-cua-nuoc
Maksym Osa: Vàng Của Người Sói, Maksym Osa: The Gold of Werewolf 2022 ,HD Vietsub,https://phimmoiyy.net/phim-le/maksym-osa-vang-cua-nguoi-soi
Tân Phong Thần: Nhị Lang Thần, The New God Erlang Shen 2023 ,HD Vietsub,https://phimmoiyy.net/phim-le/tan-phong-than-nhi-lang-than
Quái Vật Sông Mekong, The Lake 2022 ,HD Vietsub,https://phimmoiyy.net/phim-le/quai-vat-song-mekong
Báo Thủ, Medellin 2023 ,HD Vietsub,https://phimmoiyy.net/phim-le/bao-thu
Gấu Pooh: Máu Và Mật, Winnie the Pooh: Blood and Honey 2023 ,HD Vietsub,https://phimmoiyy.net/phim-le/winnie-the-pooh-blood-and-honey
Những Cô Nàng Gợi Cảm, Girls Blood 2014 ,HD Vietsub,https://phimmoiyy.net/phim-le/nhung-co-nang-goi-cam
Trạm Tàu Ma, The Ghost Station 2023 ,HD Vietsub,https://phimmoiyy.net/phim-le/tram-tau-ma
Tiếng Gọi Âm Binh, Khanzab 2023 ,Coming Soon,https://phimmoiyy.net/phim-le/tieng-goi-am-binh
Oán Hồn, The Creeping 2022 ,Coming Soon,https://phimmoiyy.net/phim-le/oan-hon
Những Kẻ Thao Túng, Hypnotic 2023 ,HD Vietsub,https://phimmoiyy.net/phim-le/nhung-ke-thao-tung
Tẩy Ốc Đại Sư, House Cleaning Master 2023 ,HD Vietsub,https://phimmoiyy.net/phim-le/tay-oc-dai-su
Mãn Giang Hồng, Full River Red 2023 ,HD Vietsub,https://phimmoiyy.net/phim-le/man-giang-hong
Người Ảnh Hưởng, The Influencer 2022 ,HD Vietsub,https://phimmoiyy.net/phim-le/nguoi-anh-huong
Nhân Ngư, The Mermaid 2023 ,HD Vietsub,https://phimmoiyy.net/phim-le/nhan-ngu
Cá Mập 2 Đầu, 2 Headed Shark Attack 2012 ,HD Vietsub,https://phimmoiyy.net/phim-le/ca-map-2-dau
Quá Nhanh Quá Nguy Hiểm 10,2023,HD Vietsub,https://phimmoiyy.net/phim-le/qua-nhanh-qua-nguy-hiem-10-1
Transformers 7: Quái Thú Trỗi Dậy,2023,Coming Soon,https://phimmoiyy.net/phim-le/transformers-quai-thu-troi-day
Nàng Tiên Cá,2023,CAM Vietsub,https://phimmoiyy.net/phim-le/nang-tien-ca-the-little-mermaid-1
John Wick: Phần 4,2023,HD Vietsub,https://phimmoiyy.net/phim-le/john-wick-phan-4-1
Người Kiến Và Chiến Binh Ong: Thế Giới Lượng Tử,2023,HD Vietsub,https://phimmoiyy.net/phim-le/phim-nguoi-kien-va-chien-binh-ong-the-gioi-luong-tu-1
Avatar: Dòng Chảy Của Nước,2022,HD Vietsub,https://phimmoiyy.net/phim-le/phim-avatar-dong-chay-cua-nuoc
Vệ Binh Dải Ngân Hà 3,2023,HD Vietsub,https://phimmoiyy.net/phim-le/ve-binh-dai-ngan-ha-3-1
Khắc Tinh Của Quỷ,2023,HD Vietsub,https://phimmoiyy.net/phim-le/khac-tinh-cua-quy-2
Shazam! Cơn Thịnh Nộ Của Các Vị Thần,2023,HD Vietsub,https://phimmoiyy.net/phim-le/shazam-con-thinh-no-cua-cac-vi-than
Chiến Binh Báo Đen: Wakanda Bất Diệt,2022,HD Vietsub,https://phimmoiyy.net/phim-le/chien-binh-bao-den-wakanda-bat-diet
Kho Báu Congo, Congo 1995 ,HD Vietsub,https://phimmoiyy.net/phim-le/kho-bau-congo
Quái Thú, Pet Sematary 1989 ,HD Vietsub,https://phimmoiyy.net/phim-le/quai-thu
Trung Đội, Platoon 1986 ,HD Vietsub,https://phimmoiyy.net/phim-le/trung-doi
Thác Loạn, Sandwich 2023 ,HD Vietsub,https://phimmoiyy.net/phim-le/thac-loan
Trò Chơi Tình Dục, Sex Games 2023 ,HD Vietsub,https://phimmoiyy.net/phim-le/tro-choi-tinh-duc
Long Mã Tinh Thần, Ride On 2023 ,HD Vietsub,https://phimmoiyy.net/phim-le/long-ma-tinh-than
Lỗi Của Tôi, My Fault 2023 ,HD Vietsub,https://phimmoiyy.net/phim-le/loi-cua-toi
Thế Thân, The Other Child 2022 ,HD Vietsub,https://phimmoiyy.net/phim-le/the-than
Transformers 7: Quái Thú Trỗi Dậy, Transformers: Rise of the Beasts 2023 ,Coming Soon,https://phimmoiyy.net/phim-le/transformers-quai-thu-troi-day
Người Nhện: Du Hành Vũ Trụ Nhện, Spider-Man: Across the Spider-Verse 2023 ,Full HD,https://phimmoiyy.net/phim-le/nguoi-nhen-du-hanh-vu-tru-nhen
Quái Vật Đen, The Black Demon 2023 ,HD Vietsub,https://phimmoiyy.net/phim-le/quai-vat-den
Vây Hãm: Không Lối Thoát, The Roundup: No Way Out 2023 ,Coming Soon,https://phimmoiyy.net/phim-le/vay-ham-khong-loi-thoat
Bùa Hình Nhân, Hoon Payon 2023 ,Coming Soon,https://phimmoiyy.net/phim-le/bua-hinh-nhan
Cá Mập Siêu Bạo Chúa 2: Vực Sâu, Meg 2: The Trench 2023 ,Coming Soon,https://phimmoiyy.net/phim-le/ca-map-sieu-bao-chua-2-vuc-sau
Avatar: Dòng Chảy Của Nước, Avatar: The Way of Water 2022 ,HD Vietsub,https://phimmoiyy.net/phim-le/phim-avatar-dong-chay-cua-nuoc
Maksym Osa: Vàng Của Người Sói, Maksym Osa: The Gold of Werewolf 2022 ,HD Vietsub,https://phimmoiyy.net/phim-le/maksym-osa-vang-cua-nguoi-soi
Tân Phong Thần: Nhị Lang Thần, The New God Erlang Shen 2023 ,HD Vietsub,https://phimmoiyy.net/phim-le/tan-phong-than-nhi-lang-than
Quái Vật Sông Mekong, The Lake 2022 ,HD Vietsub,https://phimmoiyy.net/phim-le/quai-vat-song-mekong
Báo Thủ, Medellin 2023 ,HD Vietsub,https://phimmoiyy.net/phim-le/bao-thu
Gấu Pooh: Máu Và Mật, Winnie the Pooh: Blood and Honey 2023 ,HD Vietsub,https://phimmoiyy.net/phim-le/winnie-the-pooh-blood-and-honey
Những Cô Nàng Gợi Cảm, Girls Blood 2014 ,HD Vietsub,https://phimmoiyy.net/phim-le/nhung-co-nang-goi-cam
Trạm Tàu Ma, The Ghost Station 2023 ,HD Vietsub,https://phimmoiyy.net/phim-le/tram-tau-ma
Tiếng Gọi Âm Binh, Khanzab 2023 ,Coming Soon,https://phimmoiyy.net/phim-le/tieng-goi-am-binh
Oán Hồn, The Creeping 2022 ,Coming Soon,https://phimmoiyy.net/phim-le/oan-hon
Những Kẻ Thao Túng, Hypnotic 2023 ,HD Vietsub,https://phimmoiyy.net/phim-le/nhung-ke-thao-tung
Tẩy Ốc Đại Sư, House Cleaning Master 2023 ,HD Vietsub,https://phimmoiyy.net/phim-le/tay-oc-dai-su
Mãn Giang Hồng, Full River Red 2023 ,HD Vietsub,https://phimmoiyy.net/phim-le/man-giang-hong
Người Ảnh Hưởng, The Influencer 2022 ,HD Vietsub,https://phimmoiyy.net/phim-le/nguoi-anh-huong
Nhân Ngư, The Mermaid 2023 ,HD Vietsub,https://phimmoiyy.net/phim-le/nhan-ngu
Cá Mập 2 Đầu, 2 Headed Shark Attack 2012 ,HD Vietsub,https://phimmoiyy.net/phim-le/ca-map-2-dau
